year,domain,total_turnover,total_profit,prev_year_turnover,prev_year_profit,yoy_turnover_pct,yoy_profit_pct,profit_anomaly_flag
2018,ca,48808317.25582159,1009970.0,,,,,Normal
2018,bet,876183387.1003767,13820890.0,,,,,Normal
2018,888,364133488.7311325,11906431.0,,,,,Normal
2018,com,1401342688.5952876,27356473.0,,,,,Normal
2019,com,1401168096.2481742,27230351.0,1401342688.5952876,27356473.0,-0.01,-0.46,Normal
2019,888,429509954.5319381,14191689.0,364133488.7311325,11906431.0,17.95,19.19,Normal
2019,bet,671306735.2230409,9384889.0,876183387.1003767,13820890.0,-23.38,-32.1,Normal
2019,ca,48984183.68170768,960281.0,48808317.25582159,1009970.0,0.36,-4.92,Normal
